<?xml version="1.0"?>
<!--
/**
 * Copyright © 2016 Exto. All rights reserved.
 * See COPYING.txt for license details.
 */
-->
<config xmlns:xsi="http://www.w3.org/2001/XMLSchema-instance" xsi:noNamespaceSchemaLocation="urn:magento:framework:ObjectManager/etc/config.xsd">
    <!-- Modules -->
    <preference for="Exto\Base\Api\ModuleListInterface" type="Exto\Base\Model\ModuleList" />
    <preference for="Exto\Base\Api\ModuleManagementInterface" type="Exto\Base\Model\ModuleManagement" />

    <type name="Exto\Base\Api\ModuleListInterface">
        <arguments>
            <argument name="modules" xsi:type="array">
                <item name="exto_base" xsi:type="object">Exto\Base\Setup\ModuleMetadata</item>
            </argument>
        </arguments>
    </type>

    <!-- Tracking -->
    <preference for="Exto\Base\Api\TrackingInterface" type="Exto\Base\Model\Tracking\Tracking" />
    <preference for="Exto\Base\Model\Tracking\StorageInterface" type="Exto\Base\Model\Tracking\Storage\FlagStorage" />
    <preference for="Exto\Base\Model\Tracking\Export\ExporterInterface" type="Exto\Base\Model\Tracking\Export\ExternalExporter" />
    <type name="Exto\Base\Model\Tracking\Tracking">
        <arguments>
            <argument name="storage" xsi:type="object">Exto\Base\Model\Tracking\Storage\RegistryStorage</argument>
        </arguments>
    </type>

    <!-- Save tracks from temp registry storage to config storage -->
    <type name="Exto\Base\Plugin\Framework\App\FrontControllerPlugin">
        <arguments>
            <argument name="storage" xsi:type="object">Exto\Base\Model\Tracking\Storage\FlagStorage</argument>
            <argument name="tempStorage" xsi:type="object">Exto\Base\Model\Tracking\Storage\RegistryStorage</argument>
        </arguments>
    </type>
    <type name="Magento\Framework\App\FrontControllerInterface">
        <plugin name="exto_base" type="Exto\Base\Plugin\Framework\App\FrontControllerPlugin" />
    </type>
</config>
