<?xml version="1.0" ?>
<config xmlns:xsi="http://www.w3.org/2001/XMLSchema-instance" xsi:noNamespaceSchemaLocation="urn:magento:framework:Acl/etc/acl.xsd">
	<acl>
		<resources>
			<resource id="Magento_Backend::admin">
                <resource id="Magento_Backend::system">
                    <resource id="Wetrust_Actito::actito" title="Wetrust Actito" sortOrder="10">
                        <resource id="Wetrust_Actito::task_list" title="Task list" sortOrder="10"/>
                    </resource>
					<resource id="Wetrust_Actito::profile" title="Wetrust Actito Profile" sortOrder="20">
                        <resource id="Wetrust_Actito::profile_list" title="Profile list" sortOrder="20"/>
                    </resource>
                </resource>
			</resource>
		</resources>
	</acl>
</config>