<?xml version="1.0" ?>
<config xmlns:xsi="http://www.w3.org/2001/XMLSchema-instance" xsi:noNamespaceSchemaLocation="urn:magento:module:Magento_Cron:etc/crontab.xsd">
    <group id="actito">
        <job instance="Wetrust\Actito\Cron\Enqueue" method="execute" name="actito_cron_enqueue">
            <schedule>* * * * *</schedule>
        </job>
        <job instance="Wetrust\Actito\Cron\Process" method="execute" name="actito_cron_process">
            <schedule>* * * * *</schedule>
        </job>
        <job instance="Wetrust\Actito\Cron\ResetQueue" method="execute" name="actito_cron_reset_queue">
            <schedule>*/5 * * * *</schedule>
        </job>
        <job instance="Wetrust\Actito\Cron\CleanHistory" method="execute" name="wetrust_actito_clean_history">
            <schedule>5 1 * * *</schedule>
        </job>
    </group>
</config>