<?xml version="1.0"?>
<schema xmlns:xsi="http://www.w3.org/2001/XMLSchema-instance" xsi:noNamespaceSchemaLocation="urn:magento:framework:Setup/Declaration/Schema/etc/schema.xsd">
    <table name="actito_task" resource="default" engine="innodb" comment="Actito task table">
        <column xsi:type="int" name="job_id" padding="10" unsigned="true" nullable="false" identity="true" comment="Job ID"/>
        <column xsi:type="varchar" name="flow_id" nullable="true" length="25" comment="Flow"/>
        <column xsi:type="varchar" name="direction" nullable="true" length="6" comment="Direction"/>
        <column xsi:type="varchar" name="obj_type" nullable="false" default="auto" length="6" comment="Type"/>
        <column xsi:type="varchar" name="obj_id" nullable="true" length="50" comment="Obj ID"/>
        <column xsi:type="text" name="request" nullable="true" comment="Request Data"/>
        <column xsi:type="smallint" name="retry_count" nullable="false" default="0" comment="Retry count"/>
        <column xsi:type="varchar" name="status" nullable="false" default="pending" length="7" comment="Status"/>
        <column xsi:type="text" name="messages" nullable="true" comment="Messages"/>
        <column xsi:type="timestamp" name="created_at" on_update="true" nullable="false" default="CURRENT_TIMESTAMP" comment="Created At"/>
        <column xsi:type="timestamp" name="last_start_at" on_update="true" nullable="true" comment="Last started At"/>
        <column xsi:type="timestamp" name="completed_at" on_update="true" nullable="true" comment="Completed At"/>
        <constraint xsi:type="primary" referenceId="PRIMARY">
            <column name="job_id"/>
        </constraint>
        <constraint xsi:type="unique" referenceId="ACTITO_TASK_ID_FLUX_DIRECTION_OBJ_ID">
            <column name="flow_id" />
            <column name="direction" />
            <column name="obj_id" /> 
        </constraint>
        <index referenceId="ACTITO_TASK_FLOW_ID" indexType="btree">
            <column name="flow_id"/>
        </index>
        <index referenceId="ACTITO_TASK_OBJ_ID" indexType="btree">
            <column name="obj_id"/>
        </index>
        <index referenceId="ACTITO_TASK_RETRY_COUNT" indexType="btree">
            <column name="retry_count"/>
        </index>
        <index referenceId="ACTITO_TASK_STATUS" indexType="btree">
            <column name="status"/>
        </index> 
    </table>

    <table name="customer_entity" resource="default" engine="innodb">
        <column xsi:type="smallint" name="actito_created" default="0" nullable="false" comment="Actito id created" />
    </table>

    <table name="newsletter_subscriber" resource="default" engine="innodb">
        <column xsi:type="boolean" name="actito_sync" default="0" nullable="false" comment="Actito sync" />
    </table>

    <table name="quote_item" resource="default" engine="innodb">
        <column xsi:type="boolean" name="actito_sync" default="0" nullable="false" comment="Actito sync" />
    </table>

    <table name="sales_order_item" resource="default" engine="innodb">
        <column xsi:type="boolean" name="actito_sync" default="0" nullable="false" comment="Actito sync" />
    </table>

    <table name="actito_profile" resource="default" engine="innodb" comment="Actito Profile Table">
        <column xsi:type="int" name="entity_id" padding="10" unsigned="true" nullable="false" identity="true" comment="Subscriber ID"/>
        <constraint xsi:type="primary" referenceId="PRIMARY">
			<column name="entity_id"/>
		</constraint>
        <column xsi:type="int" name="customer_id" padding="10" unsigned="true" nullable="true" identity="false" comment="Customer ID"/>
        <column xsi:type="int" name="subscriber_id" padding="10" unsigned="true" nullable="true" identity="false" comment="Subscriber ID"/>
        <column xsi:type="smallint" name="store_id" unsigned="true" nullable="false" identity="false" default="0" comment="Store Id"/>
        <column xsi:type="varchar" name="email" nullable="true" length="255" comment="Email"/>        
        <column xsi:type="varchar" name="firstname" nullable="true" length="255" comment="First Name"/> 
        <column xsi:type="varchar" name="middlename" nullable="true" length="255" comment="Middle Name"/>
        <column xsi:type="varchar" name="lastname" nullable="true" length="255" comment="Last Name"/>
        <column xsi:type="varchar" name="civility" nullable="true" length="10" comment="Civility"/>
        <column xsi:type="varchar" name="phone_number" nullable="true" length="20" comment="Phone Number"/>
        <column xsi:type="varchar" name="country_id" nullable="true" length="255" comment="Country Id"/>
        <column xsi:type="datetime" name="dob" nullable="true" comment="dob"/>
        <column xsi:type="smallint" name="actito_sync" nullable="true" comment="actito_sync" default="0" identity="false"/>
        <column xsi:type="varchar" name="origin" nullable="true" length="255" comment="Origin"/>         
        <constraint xsi:type="foreign" referenceId="ACTITO_PROFILE_CUSTOMER_ID_CUSTOMER_ENTITY_ENTITY_ID" table="actito_profile"
                    column="customer_id" referenceTable="customer_entity" referenceColumn="entity_id" onDelete="CASCADE"/>
        <constraint xsi:type="foreign" referenceId="ACTITO_PROFILE_SUBSCRIBER_ID_NEWSLETTER_SUBSCRIBER_SUBSCRIBER_ID" table="actito_profile"
                    column="subscriber_id" referenceTable="newsletter_subscriber" referenceColumn="subscriber_id" onDelete="CASCADE"/>
        <constraint xsi:type="foreign" referenceId="ACTITO_PROFILE_STORE_ID_STORE_STORE_ID" table="actito_profile"
                    column="store_id" referenceTable="store" referenceColumn="store_id" onDelete="CASCADE"/>
    </table>

    <table name="actito_profile_subscription" resource="default" engine="innodb" comment="Actito Profile Subscription Table">
        <column xsi:type="int" name="entity_id" padding="10" unsigned="true" nullable="false" identity="true" comment="ID"/>
        <constraint xsi:type="primary" referenceId="PRIMARY">
			<column name="entity_id"/>
		</constraint>
        <column xsi:type="int" name="profile_id" padding="10" unsigned="true" nullable="false" identity="false" comment="Profile Id"/>
        <column xsi:type="varchar" name="code" nullable="true" length="255" comment="Code"/>         
        <column xsi:type="smallint" name="value" nullable="true" comment="value" default="0" identity="false"/>
        <column xsi:type="timestamp" name="created_at" nullable="true"  comment="Created At" default="CURRENT_TIMESTAMP"/>
        <column xsi:type="timestamp" name="updated_at" nullable="true"  comment="Updated At" default="CURRENT_TIMESTAMP" on_update="true"/>
        <constraint xsi:type="foreign" referenceId="ACTITO_PROFILE_SUBSCRIPTION_PROFILE_ID_ACTITO_PROFILE_ENTITY_ID" table="actito_profile_subscription"
                    column="profile_id" referenceTable="actito_profile" referenceColumn="entity_id" onDelete="CASCADE"/>
    </table>

    <table name="actito_profile_interaction" resource="default" engine="innodb" comment="Actito Profile Interaction Table">
        <column xsi:type="int" name="entity_id" padding="10" unsigned="true" nullable="false" identity="true" comment="ID"/>
        <constraint xsi:type="primary" referenceId="PRIMARY">
			<column name="entity_id"/>
		</constraint>
        <column xsi:type="int" name="profile_id" padding="10" unsigned="true" nullable="false" identity="false" comment="Profile Id"/>
        <column xsi:type="int" name="profile_subscription_id" padding="10" unsigned="true" nullable="false" identity="false" comment="Profile Subscription Id"/>
        <column xsi:type="varchar" name="origin" nullable="true" length="255" comment="Origin"/>         
        <column xsi:type="varchar" name="position" nullable="true" length="255" comment="position"/>         
        <column xsi:type="timestamp" name="created_at" nullable="true"  comment="Created At" default="CURRENT_TIMESTAMP"/>
        <column xsi:type="timestamp" name="updated_at" nullable="true"  comment="Updated At" default="CURRENT_TIMESTAMP" on_update="true"/>
        <constraint xsi:type="foreign" referenceId="ACTITO_PROFILE_INTERACTION_PROFILE_ID_ACTITO_PROFILE_ENTITY_ID" table="actito_profile_interaction"
                    column="profile_id" referenceTable="actito_profile" referenceColumn="entity_id" onDelete="CASCADE"/>
        <constraint xsi:type="foreign" referenceId="ACTITO_PROFILE_INTERACTION_PROFILE_SUBSCRIPTION_ID_ACTITO_PROFILE_SUBSCRIPTION_ENTITY_ID" table="actito_profile_interaction"
                    column="profile_subscription_id" referenceTable="actito_profile_subscription" referenceColumn="entity_id" onDelete="CASCADE"/>
    </table>
</schema> 
