<?xml version="1.0"?>
<config xmlns:xsi="http://www.w3.org/2001/XMLSchema-instance" xsi:noNamespaceSchemaLocation="urn:magento:framework:ObjectManager/etc/config.xsd">
    <preference for="Wetrust\Actito\Api\TaskRepositoryInterface" type="Wetrust\Actito\Model\TaskRepository"/>
    <preference for="Wetrust\Actito\Api\Data\TaskInterface" type="Wetrust\Actito\Model\Task" />

    <preference for="Wetrust\Actito\Api\FlowInterface" type="Wetrust\Actito\Model\Flow"/>
    <preference for="Wetrust\Actito\Api\Data\TaskSearchResultsInterface" type="Magento\Framework\Api\SearchResults" />
    <type name="Wetrust\Actito\Logger\Handler">
        <arguments>
            <argument name="filesystem" xsi:type="object">Magento\Framework\Filesystem\Driver\File</argument>
        </arguments>
    </type>

    <type name="Magento\Framework\View\Element\UiComponent\DataProvider\CollectionFactory">
        <arguments>
            <argument name="collections" xsi:type="array">
                <!-- Actito Task -->               
                <item name="actito_task_form_data_source" xsi:type="string">Wetrust\Actito\Model\ResourceModel\Task\Grid\Collection</item>
                <!-- Actito Profile -->
                <item name="wetrust_actito_profile_listing_data_source" xsi:type="string">Wetrust\Actito\Model\ResourceModel\Profile\Grid\Collection</item>
                <!-- Actito Profile Subscription -->
                <item name="wetrust_actito_subscription_listing_data_source" xsi:type="string">Wetrust\Actito\Model\ResourceModel\Subscription\Grid\Collection</item>    
                <!-- Actito Profile Interaction -->
                <item name="wetrust_actito_interaction_listing_data_source" xsi:type="string">Wetrust\Actito\Model\ResourceModel\Interaction\Grid\Collection</item>
            </argument>
        </arguments>
    </type>

    <virtualType name="Wetrust\Actito\Model\ResourceModel\Task\Grid\Collection" type="Magento\Framework\View\Element\UiComponent\DataProvider\SearchResult">
        <arguments>
            <argument name="mainTable" xsi:type="string">actito_task</argument>
            <argument name="resourceModel" xsi:type="string">Wetrust\Actito\Model\ResourceModel\Task</argument>
        </arguments>
    </virtualType>

    <type name="Wetrust\Actito\Logger\Logger">
        <arguments>
            <argument name="name" xsi:type="string">WetrustActito</argument>
            <argument name="handlers"  xsi:type="array">
                <item name="system" xsi:type="object">Wetrust\Actito\Logger\Handler</item>
            </argument>
        </arguments>
    </type>

    <type name="Magento\Framework\Console\CommandList">
        <arguments>
            <argument name="commands" xsi:type="array">
                <item name="ActitoQueue" xsi:type="object">
                    Wetrust\Actito\Console\Command\Queue
                </item>
                <item name="ActitoProcess" xsi:type="object">
                    Wetrust\Actito\Console\Command\Process
                </item>
            </argument>
        </arguments>
    </type>

    <type name="Magento\Quote\Model\Quote\Item\ToOrderItem">
        <plugin name="wetrust_to_order_item" type="Wetrust\Actito\Model\Quote\Item\ToOrderItem"/>
    </type>

    <!-- Actito Profile -->
    <preference for="Wetrust\Actito\Api\ProfileRepositoryInterface" type="Wetrust\Actito\Model\ProfileRepository"/>
	<preference for="Wetrust\Actito\Api\Data\ProfileInterface" type="Wetrust\Actito\Model\Profile"/>
	<preference for="Wetrust\Actito\Api\Data\ProfileSearchResultsInterface" type="Magento\Framework\Api\SearchResults"/>
	<virtualType name="Wetrust\Actito\Model\ResourceModel\Profile\Grid\Collection" type="Magento\Framework\View\Element\UiComponent\DataProvider\SearchResult">
		<arguments>
			<argument name="mainTable" xsi:type="string">actito_profile</argument>
			<argument name="resourceModel" xsi:type="string">Wetrust\Actito\Model\ResourceModel\Profile\Collection</argument>
		</arguments>
	</virtualType> 
    <!-- END Actito Profile -->
    
    <!-- Actito Profile Subscription -->
    <preference for="Wetrust\Actito\Api\SubscriptionRepositoryInterface" type="Wetrust\Actito\Model\SubscriptionRepository"/>
	<preference for="Wetrust\Actito\Api\Data\SubscriptionInterface" type="Wetrust\Actito\Model\Subscription"/>
	<preference for="Wetrust\Actito\Api\Data\SubscriptionSearchResultsInterface" type="Magento\Framework\Api\SearchResults"/>
	<virtualType name="Wetrust\Actito\Model\ResourceModel\Subscription\Grid\Collection" type="Magento\Framework\View\Element\UiComponent\DataProvider\SearchResult">
		<arguments>
			<argument name="mainTable" xsi:type="string">actito_profile_subscription</argument>
			<argument name="resourceModel" xsi:type="string">Wetrust\Actito\Model\ResourceModel\Subscription\Collection</argument>
		</arguments>
	</virtualType>
    <!-- END Actito Profile Subscription --> 

    <!-- Actito Profile Interaction -->
    <preference for="Wetrust\Actito\Api\InteractionRepositoryInterface" type="Wetrust\Actito\Model\InteractionRepository"/>
	<preference for="Wetrust\Actito\Api\Data\InteractionInterface" type="Wetrust\Actito\Model\Interaction"/>
	<preference for="Wetrust\Actito\Api\Data\InteractionSearchResultsInterface" type="Magento\Framework\Api\SearchResults"/>
	<virtualType name="Wetrust\Actito\Model\ResourceModel\Interaction\Grid\Collection" type="Magento\Framework\View\Element\UiComponent\DataProvider\SearchResult">
		<arguments>
			<argument name="mainTable" xsi:type="string">actito_profile_interaction</argument>
			<argument name="resourceModel" xsi:type="string">Wetrust\Actito\Model\ResourceModel\Interaction\Collection</argument>
		</arguments>
	</virtualType>
    <!-- END Actito Profile Interaction --> 

</config>
