<?xml version="1.0"?>
<config xmlns:xsi="http://www.w3.org/2001/XMLSchema-instance" xsi:noNamespaceSchemaLocation="urn:magento:framework:Event/etc/events.xsd">
    <event name="sales_quote_save_before">
        <observer name="set_item_actito_sync" instance="Wetrust\Actito\Observer\SetActitoSync" />
    </event>
    <event name="customer_save_before">
        <observer name="customer_save_set_actito_sync" instance="Wetrust\Actito\Observer\CustomerSaveBefore" />
    </event>
    <event name="newsletter_subscriber_save_before">
        <observer name="newsletter_subscriber_save_set_actito_sync" instance="Wetrust\Actito\Observer\NewsletterSubscriberSaveBefore" />
    </event>
</config>
