<?xml version="1.0" ?>
<config xmlns:xsi="http://www.w3.org/2001/XMLSchema-instance" xsi:noNamespaceSchemaLocation="urn:magento:framework:Acl/etc/acl.xsd">
	<acl>
		<resources>
			<resource id="Magento_Backend::admin">
				<resource id="PavingSuperstore_Video::Video" title="Video" sortOrder="10">
					<resource id="PavingSuperstore_Video::Video_save" title="Save Video" sortOrder="10"/>
					<resource id="PavingSuperstore_Video::Video_delete" title="Delete Video" sortOrder="20"/>
					<resource id="PavingSuperstore_Video::Video_update" title="Update Video" sortOrder="30"/>
					<resource id="PavingSuperstore_Video::Video_view" title="View Video" sortOrder="40"/>
				</resource>
			</resource>
		</resources>
	</acl>
</config>
