<?xml version="1.0" ?>
<config xmlns:xsi="http://www.w3.org/2001/XMLSchema-instance" xsi:noNamespaceSchemaLocation="urn:magento:framework:ObjectManager/etc/config.xsd">
	<preference for="PavingSuperstore\Video\Api\VideoRepositoryInterface" type="PavingSuperstore\Video\Model\VideoRepository"/>
	<preference for="PavingSuperstore\Video\Api\Data\VideoInterface" type="PavingSuperstore\Video\Model\Video"/>
	<preference for="PavingSuperstore\Video\Api\Data\VideoSearchResultsInterface" type="Magento\Framework\Api\SearchResults"/>
	<virtualType name="PavingSuperstore\Video\Model\ResourceModel\Video\Grid\Collection" type="Magento\Framework\View\Element\UiComponent\DataProvider\SearchResult">
		<arguments>
			<argument name="mainTable" xsi:type="string">pavingsuperstore_video</argument>
			<argument name="resourceModel" xsi:type="string">PavingSuperstore\Video\Model\ResourceModel\Video\Collection</argument>
		</arguments>
	</virtualType>
	<type name="Magento\Framework\View\Element\UiComponent\DataProvider\CollectionFactory">
		<arguments>
			<argument name="collections" xsi:type="array">
				<item name="pavingsuperstore_video_video_listing_data_source" xsi:type="string">PavingSuperstore\Video\Model\ResourceModel\Video\Grid\Collection</item>
			</argument>
		</arguments>
	</type>
</config>
