<?xml version="1.0"?>
<!--
/**
 * Copyright © 2016 Exto. All rights reserved.
 * See COPYING.txt for license details.
 */
-->
<config xmlns:xsi="http://www.w3.org/2001/XMLSchema-instance" xsi:noNamespaceSchemaLocation="urn:magento:module:Magento_Config:etc/system_file.xsd">
    <system>
        <!-- Exto Tab -->
        <tab id="exto" translate="label" sortOrder="1000000">
            <label>Exto.io</label>
        </tab>

        <!-- Exto Base Config -->
        <section id="exto_base" translate="label" type="text" sortOrder="10" showInDefault="1" showInWebsite="1" showInStore="1">
            <label>Settings</label>
            <tab>exto</tab>
            <resource>Exto_Base::exto_settings</resource>
            <group id="notifications" translate="label" type="text" sortOrder="10" showInDefault="1" showInWebsite="0" showInStore="0">
                <label>Notifications</label>
                <field id="subscribe_segments" translate="label" type="multiselect" sortOrder="10" showInDefault="1" showInWebsite="0" showInStore="0">
                    <label>Notifications Config</label>
                    <frontend_model>Exto\Base\Block\Adminhtml\System\Config\Form\Field\SubscribeSegment</frontend_model>
                    <source_model>Exto\Base\Model\Config\Source\SubscribeSegment</source_model>
                </field>
            </group>
            <group id="tracking" translate="label comment" type="text" sortOrder="20" showInDefault="1" showInWebsite="0" showInStore="0">
                <label>Help Us to Improve</label>
                <field id="is_enabled" translate="label" type="select" sortOrder="10" showInDefault="1" showInWebsite="0" showInStore="0">
                    <label>Usage Data Config</label>
                    <comment>IMPORTANT: This does NOT share any of your data! We use this to understand how do you operate our products and deliver you better experience over time. We would really love you to turn this feature on.</comment>
                    <source_model>Magento\Config\Model\Config\Source\Yesno</source_model>
                </field>
            </group>
        </section>
    </system>
</config>
