<?xml version="1.0" ?>
<config xmlns:xsi="http://www.w3.org/2001/XMLSchema-instance" xsi:noNamespaceSchemaLocation="urn:magento:framework:Acl/etc/acl.xsd">
	<acl>
		<resources>
			<resource id="Magento_Backend::admin">
				<resource id="PavingSuperstore_Material::Material" title="Material" sortOrder="10">
					<resource id="PavingSuperstore_Material::Material_save" title="Save Material" sortOrder="10"/>
					<resource id="PavingSuperstore_Material::Material_delete" title="Delete Material" sortOrder="20"/>
					<resource id="PavingSuperstore_Material::Material_update" title="Update Material" sortOrder="30"/>
					<resource id="PavingSuperstore_Material::Material_view" title="View Material" sortOrder="40"/>
				</resource>
			</resource>
		</resources>
	</acl>
</config>
