<?xml version="1.0" ?>
<schema xmlns:xsi="http://www.w3.org/2001/XMLSchema-instance" xsi:noNamespaceSchemaLocation="urn:magento:framework:Setup/Declaration/Schema/etc/schema.xsd">
	<table name="pavingsuperstore_material" resource="default" engine="innodb" comment="pavingsuperstore_material_material Table">
		<column xsi:type="int" name="material_id" padding="10" unsigned="true" nullable="false" identity="true" comment="Entity Id"/>
		<constraint xsi:type="primary" referenceId="PRIMARY">
			<column name="material_id"/>
		</constraint>
		<column name="material_name" nullable="true" xsi:type="varchar" comment="Material Name" length="255"/>
		<column name="material_content" nullable="true" xsi:type="varchar" comment="Material Content" length="255"/>
		<column name="created_time" nullable="true" xsi:type="timestamp" comment="Created Time"/>
		<column name="updated_time" nullable="true" xsi:type="text" comment="Updated Time"/>
	</table>
</schema>
