<?xml version="1.0" ?>
<config xmlns:xsi="http://www.w3.org/2001/XMLSchema-instance" xsi:noNamespaceSchemaLocation="urn:magento:framework:ObjectManager/etc/config.xsd">
	<preference for="PavingSuperstore\Material\Api\MaterialRepositoryInterface" type="PavingSuperstore\Material\Model\MaterialRepository"/>
	<preference for="PavingSuperstore\Material\Api\Data\MaterialInterface" type="PavingSuperstore\Material\Model\Material"/>
	<preference for="PavingSuperstore\Material\Api\Data\MaterialSearchResultsInterface" type="Magento\Framework\Api\SearchResults"/>
	<virtualType name="PavingSuperstore\Material\Model\ResourceModel\Material\Grid\Collection" type="Magento\Framework\View\Element\UiComponent\DataProvider\SearchResult">
		<arguments>
			<argument name="mainTable" xsi:type="string">pavingsuperstore_material</argument>
			<argument name="resourceModel" xsi:type="string">PavingSuperstore\Material\Model\ResourceModel\Material\Collection</argument>
		</arguments>
	</virtualType>
	<type name="Magento\Framework\View\Element\UiComponent\DataProvider\CollectionFactory">
		<arguments>
			<argument name="collections" xsi:type="array">
				<item name="pavingsuperstore_material_material_listing_data_source" xsi:type="string">PavingSuperstore\Material\Model\ResourceModel\Material\Grid\Collection</item>
			</argument>
		</arguments>
	</type>
</config>
