<?xml version="1.0" ?>
<config xmlns:xsi="http://www.w3.org/2001/XMLSchema-instance" xsi:noNamespaceSchemaLocation="urn:magento:framework:Acl/etc/acl.xsd">
	<acl>
		<resources>
			<resource id="Magento_Backend::admin">
				<resource id="PavingSuperstore_Delivery::Delivery" title="Delivery" sortOrder="10">
					<resource id="PavingSuperstore_Delivery::Delivery_save" title="Save Delivery" sortOrder="10"/>
					<resource id="PavingSuperstore_Delivery::Delivery_delete" title="Delete Delivery" sortOrder="20"/>
					<resource id="PavingSuperstore_Delivery::Delivery_update" title="Update Delivery" sortOrder="30"/>
					<resource id="PavingSuperstore_Delivery::Delivery_view" title="View Delivery" sortOrder="40"/>
				</resource>
			</resource>
		</resources>
	</acl>
</config>
