<?xml version="1.0" ?>
<schema xmlns:xsi="http://www.w3.org/2001/XMLSchema-instance" xsi:noNamespaceSchemaLocation="urn:magento:framework:Setup/Declaration/Schema/etc/schema.xsd">
	<table name="pavingsuperstore_delivery" resource="default" engine="innodb" comment="pavingsuperstore_delivery_delivery Table">
		<column xsi:type="int" name="delivery_id" padding="10" unsigned="true" nullable="false" identity="true" comment="Entity Id"/>
		<constraint xsi:type="primary" referenceId="PRIMARY">
			<column name="delivery_id"/>
		</constraint>
		<column name="delivery_name" nullable="true" xsi:type="varchar" comment="Delivery Name" length="255"/>
		<column name="delivery_content" nullable="true" xsi:type="varchar" comment="Delivery Content" length="255"/>
		<column name="created_time" nullable="true" xsi:type="timestamp" comment="Created Time" default="CURRENT_TIMESTAMP"/>
		<column name="updated_time" nullable="true" xsi:type="text" comment="Updated Time"/>
	</table>
</schema>
