<?xml version="1.0" ?>
<config xmlns:xsi="http://www.w3.org/2001/XMLSchema-instance" xsi:noNamespaceSchemaLocation="urn:magento:framework:ObjectManager/etc/config.xsd">
	<preference for="PavingSuperstore\Delivery\Api\DeliveryRepositoryInterface" type="PavingSuperstore\Delivery\Model\DeliveryRepository"/>
	<preference for="PavingSuperstore\Delivery\Api\Data\DeliveryInterface" type="PavingSuperstore\Delivery\Model\Delivery"/>
	<preference for="PavingSuperstore\Delivery\Api\Data\DeliverySearchResultsInterface" type="Magento\Framework\Api\SearchResults"/>
	<virtualType name="PavingSuperstore\Delivery\Model\ResourceModel\Delivery\Grid\Collection" type="Magento\Framework\View\Element\UiComponent\DataProvider\SearchResult">
		<arguments>
			<argument name="mainTable" xsi:type="string">pavingsuperstore_delivery</argument>
			<argument name="resourceModel" xsi:type="string">PavingSuperstore\Delivery\Model\ResourceModel\Delivery\Collection</argument>
		</arguments>
	</virtualType>
	<type name="Magento\Framework\View\Element\UiComponent\DataProvider\CollectionFactory">
		<arguments>
			<argument name="collections" xsi:type="array">
				<item name="pavingsuperstore_delivery_delivery_listing_data_source" xsi:type="string">PavingSuperstore\Delivery\Model\ResourceModel\Delivery\Grid\Collection</item>
			</argument>
		</arguments>
	</type>
</config>
