<?xml version="1.0"?>
<config xmlns:xsi="http://www.w3.org/2001/XMLSchema-instance"
        xsi:noNamespaceSchemaLocation="urn:magento:module:Magento_Config:etc/system_file.xsd">
    <system>
        <tab id="wetrust" translate="label" sortOrder="10" class="wetrust-tab">
            <label>Wetrust</label>
        </tab>
        <section id="actito" translate="label" sortOrder="10" showInDefault="1" showInWebsite="1" showInStore="1">
            <label>Actito</label>
            <tab>wetrust</tab>
            <resource>Wetrust_Actito::config</resource>
            <group id="general" translate="label" type="text" sortOrder="10" showInStore="1" showInWebsite="1"
                   showInDefault="1">
                <label>General</label>
                <field id="enabled" type="select" translate="label comment" sortOrder="10" showInDefault="1">
                    <label>Enabled</label>
                    <source_model>Magento\Config\Model\Config\Source\Yesno</source_model>
                </field>
                <field id="url" type="text" translate="label comment" sortOrder="20" showInDefault="1">
                    <label>Url</label>
                    <validate>required-entry no-whitespace</validate>
                </field>
                <field id="license" type="text" translate="label comment" sortOrder="30" showInDefault="1">
                    <label>License</label>
                    <validate>required-entry no-whitespace</validate>
                </field>
                <field id="access_name" type="text" translate="label comment" sortOrder="40" showInDefault="1">
                    <label>Access Name</label>
                    <validate>required-entry no-whitespace</validate>
                </field>
                <field id="password" type="text" translate="label comment" sortOrder="50" showInDefault="1">
                    <label>Password</label>
                    <validate>required-entry no-whitespace</validate>
                </field>
                <field id="entity" type="text" translate="label comment" sortOrder="60" showInDefault="1">
                    <label>Entity</label>
                    <validate>required-entry no-whitespace</validate>
                </field>
                <field id="interval" type="text" translate="label comment" sortOrder="70" showInDefault="1">
                    <label>Interval</label>
                    <validate>required-entry no-whitespace</validate>
                </field>
                <field id="reset_interval" type="text" translate="label comment" sortOrder="75" showInDefault="1">
                    <label>Reset Interval</label>
                    <validate>required-entry no-whitespace</validate>
                </field>
                <field id="tries_before_error" type="text" translate="label comment" sortOrder="80" showInDefault="1">
                    <label>Tries before error</label>
                    <comment>Number of tries before generating an error</comment>
                    <validate>required-entry no-whitespace</validate>
                </field>
                <field id="mother_language" type="text" translate="label comment" sortOrder="80" showInDefault="1" showInWebsite="1" showInStore="1">
                    <label>Mother language</label>
                    <validate>required-entry no-whitespace</validate>
                </field>
            </group>
            <group id="history" translate="label" type="text" sortOrder="10" showInStore="1" showInWebsite="1" showInDefault="1">
                <label>History</label>
                <field id="clean" type="select" translate="label comment" sortOrder="10" showInDefault="1">
                    <label>Enabled</label>
                    <source_model>Magento\Config\Model\Config\Source\Yesno</source_model>
                </field>
                <field id="success_lifetime" type="text" translate="label comment" sortOrder="20" showInDefault="1">
                    <label>Success lifetime (in days)</label>
                    <validate>validate-zero-or-greater validate-digits</validate>
                </field>
                <field id="error_lifetime" type="text" translate="label comment" sortOrder="30" showInDefault="1">
                    <label>Error lifetime (in days)</label>
                    <validate>validate-zero-or-greater validate-digits</validate>
                </field>
            </group>
            <group id="flow_customer" type="text" translate="label comment" sortOrder="20" showInDefault="1">
                <label>Flow Configuration: Customer</label>
                <field id="enabled" type="select" translate="label comment" sortOrder="10" showInDefault="1">
                    <label>Enabled</label>
                    <source_model>Magento\Config\Model\Config\Source\Yesno</source_model>
                </field>
                <field id="interval" type="text" translate="label comment" sortOrder="20" showInDefault="1">
                    <label>Interval</label>
                    <validate>no-whitespace</validate>
                </field>
                <field id="last_entity" type="text" translate="label comment" sortOrder="30" showInDefault="1">
                    <label>Last customer ID</label>
                    <validate>integer no-whitespace</validate>
                    <frontend_model>Wetrust\Actito\Block\System\Config\Form\Field\Disable</frontend_model>
                </field>
                <field id="table_name" type="text" translate="label comment" sortOrder="40" showInDefault="1">
                    <label>Actito table name</label>
                    <validate>no-whitespace</validate>
                </field>
            </group>
            <group id="flow_newsletter_subscriber" type="text" translate="label comment" sortOrder="20" showInDefault="1">
                <label>Flow Configuration: Newsletter Subscriber</label>
                <field id="enabled" type="select" translate="label comment" sortOrder="10" showInDefault="1">
                    <label>Enabled</label>
                    <source_model>Magento\Config\Model\Config\Source\Yesno</source_model>
                </field>
                <field id="interval" type="text" translate="label comment" sortOrder="20" showInDefault="1">
                    <label>Interval</label>
                    <validate>no-whitespace</validate>
                </field>
                <field id="last_entity" type="text" translate="label comment" sortOrder="30" showInDefault="1">
                    <label>Last customer ID</label>
                    <validate>integer no-whitespace</validate>
                    <frontend_model>Wetrust\Actito\Block\System\Config\Form\Field\Disable</frontend_model>
                </field>
                <field id="table_name" type="text" translate="label comment" sortOrder="40" showInDefault="1">
                    <label>Actito table name</label>
                    <validate>no-whitespace</validate>
                </field>
            </group>
            <group id="flow_quote" type="text" translate="label comment" sortOrder="30" showInDefault="1">
                <label>Flow Configuration: Quote</label>
                <field id="enabled" type="select" translate="label comment" sortOrder="10" showInDefault="1">
                    <label>Enabled</label>
                    <source_model>Magento\Config\Model\Config\Source\Yesno</source_model>
                </field>
                <field id="interval" type="text" translate="label comment" sortOrder="20" showInDefault="1">
                    <label>Interval</label>
                    <validate>no-whitespace</validate>
                </field>
                <field id="last_entity" type="text" translate="label comment" sortOrder="30" showInDefault="1">
                    <label>Last quote ID</label>
                    <validate>integer no-whitespace</validate>
                    <frontend_model>Wetrust\Actito\Block\System\Config\Form\Field\Disable</frontend_model>
                </field>
                <field id="table_name" type="text" translate="label comment" sortOrder="40" showInDefault="1">
                    <label>Actito table name</label>
                    <validate>no-whitespace</validate>
                </field>
                <field id="last_run" type="label" translate="label comment" sortOrder="50" showInDefault="1">
                    <label>Last run</label>
                </field>
            </group>
            <group id="flow_quote_item" type="text" translate="label comment" sortOrder="30" showInDefault="1">
                <label>Flow Configuration: Quote Item</label>
                <field id="enabled" type="select" translate="label comment" sortOrder="10" showInDefault="1">
                    <label>Enabled</label>
                    <source_model>Magento\Config\Model\Config\Source\Yesno</source_model>
                </field>
                <field id="interval" type="text" translate="label comment" sortOrder="20" showInDefault="1">
                    <label>Interval</label>
                    <validate>no-whitespace</validate>
                </field>
                <field id="last_entity" type="text" translate="label comment" sortOrder="30" showInDefault="1">
                    <label>Last quote ID</label>
                    <validate>integer no-whitespace</validate>
                    <frontend_model>Wetrust\Actito\Block\System\Config\Form\Field\Disable</frontend_model>
                </field>
                <field id="table_name" type="text" translate="label comment" sortOrder="40" showInDefault="1">
                    <label>Actito table name</label>
                    <validate>no-whitespace</validate>
                </field>
                <field id="last_run" type="label" translate="label comment" sortOrder="50" showInDefault="1">
                    <label>Last run</label>
                </field>
            </group>
            <group id="flow_order_item" type="text" translate="label comment" sortOrder="40" showInDefault="1">
                <label>Flow Configuration: Order Item</label>
                <field id="enabled" type="select" translate="label comment" sortOrder="10" showInDefault="1">
                    <label>Enabled</label>
                    <source_model>Magento\Config\Model\Config\Source\Yesno</source_model>
                </field>
                <field id="interval" type="text" translate="label comment" sortOrder="20" showInDefault="1">
                    <label>Interval</label>
                    <validate>no-whitespace</validate>
                </field>
                <field id="last_entity" type="text" translate="label comment" sortOrder="30" showInDefault="1">
                    <label>Last order ID</label>
                    <validate>integer no-whitespace</validate>
                    <frontend_model>Wetrust\Actito\Block\System\Config\Form\Field\Disable</frontend_model>
                </field>
                <field id="table_name" type="text" translate="label comment" sortOrder="40" showInDefault="1">
                    <label>Actito table name</label>
                    <validate>no-whitespace</validate>
                </field>
            </group>
            <group id="flow_alert_stock" type="text" translate="label comment" sortOrder="40" showInDefault="1">
                <label>Flow Configuration: Alert Stock</label>
                <field id="enabled" type="select" translate="label comment" sortOrder="10" showInDefault="1">
                    <label>Enabled</label>
                    <source_model>Magento\Config\Model\Config\Source\Yesno</source_model>
                </field>
                <field id="send_email" type="select" translate="label comment" sortOrder="10" showInDefault="1">
                    <label>Send Email</label>
                    <source_model>Wetrust\Actito\Model\Config\Source\SendEmail</source_model>
                </field>
                <field id="interval" type="text" translate="label comment" sortOrder="20" showInDefault="1">
                    <label>Interval</label>
                    <validate>no-whitespace</validate>
                </field>
                <field id="last_entity" type="text" translate="label comment" sortOrder="30" showInDefault="1">
                    <label>Last order ID</label>
                    <validate>integer no-whitespace</validate>
                    <frontend_model>Wetrust\Actito\Block\System\Config\Form\Field\Disable</frontend_model>
                </field>
                <field id="table_name" type="text" translate="label comment" sortOrder="40" showInDefault="1">
                    <label>Actito table name</label>
                </field>
            </group>
        </section>
    </system>
</config>
