<schema xmlns:xsi="http://www.w3.org/2001/XMLSchema-instance" xsi:noNamespaceSchemaLocation="urn:magento:framework:Setup/Declaration/Schema/etc/schema.xsd">
    <table name="pavingSuperstore_layingguide">
        <column xsi:type="smallint" name="id" padding="6" unsigned="true" nullable="false" identity="true" comment="ID" />
        <column xsi:type="varchar" name="image" nullable="false" length="255" comment="Image" />
        <column xsi:type="varchar" name="laying_guide_attr" nullable="false" length="100" comment="laying_guide_attr" />
        <column name="created_time" nullable="true" xsi:type="timestamp" comment="Created Time" default="CURRENT_TIMESTAMP"/>
		<column name="updated_time" nullable="true" xsi:type="timestamp" comment="updated_time" default="CURRENT_TIMESTAMP" on_update="true"/>
        <constraint xsi:type="primary" referenceId="PRIMARY">
            <column name="id" />
        </constraint>
    </table>
</schema>