<config xmlns:xsi="http://www.w3.org/2001/XMLSchema-instance" xsi:noNamespaceSchemaLocation="../../../../../lib/internal/Magento/Framework/ObjectManager/etc/config.xsd">
    <type name="PavingSuperstore\Layingguide\Model\ImageUploader">
        <arguments>
            <!-- Temporary file stored in pub/media/faq/tmp/icon -->
            <argument name="baseTmpPath" xsi:type="string">faq/tmp/icon</argument>
            <argument name="basePath" xsi:type="string">faq/icon</argument>
            <argument name="allowedExtensions" xsi:type="array">
                <item name="jpg" xsi:type="string">jpg</item>
                <item name="jpeg" xsi:type="string">jpeg</item>
                <item name="gif" xsi:type="string">gif</item>
                <item name="png" xsi:type="string">png</item>
            </argument>
        </arguments>
    </type>
    <preference for="PavingSuperstore\Layingguide\Api\LayingguideRepositoryInterface" type="PavingSuperstore\Material\Model\LayingguideRepository"/>
	<preference for="PavingSuperstore\Layingguide\Api\Data\LayingguideInterface" type="PavingSuperstore\Material\Model\Layingguide"/>
	<preference for="PavingSuperstore\Layingguide\Api\Data\LayingguideSearchResultsInterface" type="Magento\Framework\Api\SearchResults"/>
    <type name="Magento\Framework\View\Element\UiComponent\DataProvider\CollectionFactory">
        <arguments>
            <argument name="collections" xsi:type="array">
                <item name="layingguide_listing_data_source" xsi:type="string">
                    PavingSuperstore\Layingguide\Model\ResourceModel\Layingguide\Collection</item>
            </argument>
        </arguments>
    </type>
    <virtualType name="PavingSuperstore\Layingguide\Model\ResourceModel\Layingguide\Collection" type="Magento\Framework\View\Element\UiComponent\DataProvider\SearchResult">
        <arguments>
            <argument name="mainTable" xsi:type="string">pavingSuperstore_layingguide</argument>
            <argument name="resourceModel" xsi:type="string">PavingSuperstore\Layingguide\Model\ResourceModel\Layingguide</argument>
        </arguments>
    </virtualType>
</config>