<?xml version="1.0" ?>
<config xmlns:xsi="http://www.w3.org/2001/XMLSchema-instance" xsi:noNamespaceSchemaLocation="urn:magento:framework:Acl/etc/acl.xsd">
	<acl>
		<resources>
			<resource id="Magento_Backend::admin">
				<resource id="PavingSuperstore_Brand::brand" title="brand" sortOrder="10">
					<resource id="PavingSuperstore_Brand::brand_save" title="Save brand" sortOrder="10"/>
					<resource id="PavingSuperstore_Brand::brand_delete" title="Delete brand" sortOrder="20"/>
					<resource id="PavingSuperstore_Brand::brand_update" title="Update brand" sortOrder="30"/>
					<resource id="PavingSuperstore_Brand::brand_view" title="View brand" sortOrder="40"/>
				</resource>
			</resource>
		</resources>
	</acl>
</config>
