<?xml version="1.0" ?>
<schema xmlns:xsi="http://www.w3.org/2001/XMLSchema-instance" xsi:noNamespaceSchemaLocation="urn:magento:framework:Setup/Declaration/Schema/etc/schema.xsd">
	<table name="pavingsuperstore_brand" resource="default" engine="innodb" comment="pavingsuperstore_brand Table">
		<column xsi:type="int" name="brand_id" padding="10" unsigned="true" nullable="false" identity="true" comment="Entity Id"/>
		<constraint xsi:type="primary" referenceId="PRIMARY">
			<column name="brand_id"/>
		</constraint>
		<column name="brand_name" nullable="true" xsi:type="varchar" comment="Brand Name" length="255"/>
		<column name="brand_description" nullable="true" xsi:type="text" comment="Brand Description"/>
		<column name="created_time" nullable="true" xsi:type="timestamp" comment="Created Time" default="CURRENT_TIMESTAMP"/>
		<column name="updated_time" nullable="true" xsi:type="timestamp" comment="updated_time" default="CURRENT_TIMESTAMP" on_update="true"/>
	</table>
</schema>
