<?xml version="1.0" ?>
<config xmlns:xsi="http://www.w3.org/2001/XMLSchema-instance" xsi:noNamespaceSchemaLocation="urn:magento:framework:ObjectManager/etc/config.xsd">
	<preference for="PavingSuperstore\Brand\Api\BrandRepositoryInterface" type="PavingSuperstore\Brand\Model\BrandRepository"/>
	<preference for="PavingSuperstore\Brand\Api\Data\BrandInterface" type="PavingSuperstore\Brand\Model\Brand"/>
	<preference for="PavingSuperstore\Brand\Api\Data\BrandSearchResultsInterface" type="Magento\Framework\Api\SearchResults"/>
	<virtualType name="PavingSuperstore\Brand\Model\ResourceModel\Brand\Grid\Collection" type="Magento\Framework\View\Element\UiComponent\DataProvider\SearchResult">
		<arguments>
			<argument name="mainTable" xsi:type="string">pavingsuperstore_brand</argument>
			<argument name="resourceModel" xsi:type="string">PavingSuperstore\Brand\Model\ResourceModel\Brand\Collection</argument>
		</arguments>
	</virtualType>
	<type name="Magento\Framework\View\Element\UiComponent\DataProvider\CollectionFactory">
		<arguments>
			<argument name="collections" xsi:type="array">
				<item name="pavingsuperstore_brand_brand_listing_data_source" xsi:type="string">PavingSuperstore\Brand\Model\ResourceModel\Brand\Grid\Collection</item>
			</argument>
		</arguments>
	</type>
</config>
